{
  "config": {
    "horizon_months": 12,
    "paths": 5000,
    "return_mean": 0.07,
    "return_vol": 0.15,
    "inflation_mean": 0.03,
    "inflation_std": 0.01,
    "shock_lambda": 0.1,
    "shock_mean": 200.0,
    "start_wealth": 0.0,
    "goal_target": null,
    "liquidity_floor": null,
    "seed": null
  },
  "percentiles": {
    "p10": [
      3375.992,
      6503.7477214394585,
      9669.191415106745,
      12821.696130141303,
      15948.086759117756,
      19050.649721983336,
      22151.236214290722,
      25251.448029576433,
      28355.34247268544,
      31469.534720915864,
      34551.22228723707,
      37474.994005243745
    ],
    "p50": [
      3375.992,
      6738.006772906325,
      10120.781255561818,
      13535.34492247433,
      16968.11950431767,
      20404.25359689434,
      23849.906682066,
      27338.878220860235,
      30895.83418893429,
      34349.94644326094,
      37922.612795611494,
      41534.451900585336
    ],
    "p90": [
      3375.992,
      6947.205057340101,
      10562.436440988016,
      14277.425453555325,
      18037.811171320052,
      21873.009283712774,
      25739.493476910826,
      29686.465554051432,
      33684.233138109725,
      37704.93224819489,
      41662.835398261246,
      45873.30710097889
    ]
  },
  "goal_success_prob": null,
  "liquidity_breach_prob": null
}